iter,train_psnr,val_psnr
1,5.515667915344238,
2,6.348080635070801,
3,6.324745178222656,
4,5.109767436981201,
5,4.999604225158691,
6,5.275928974151611,
7,5.276622772216797,
8,5.858640670776367,
9,5.171028137207031,
10,5.0042619705200195,
11,5.076529502868652,
12,4.717206954956055,
13,5.035683631896973,
14,5.67289924621582,
15,5.044631004333496,
16,4.946276664733887,
17,5.068183422088623,
18,5.4045209884643555,
19,5.295843124389648,
20,5.703729629516602,
21,5.325342178344727,
22,5.019524574279785,
23,5.141801357269287,
24,5.254952430725098,
25,5.142189979553223,
26,5.643613815307617,
27,5.244174003601074,
28,5.297723770141602,
29,5.140750885009766,
30,5.009444236755371,
31,5.378714084625244,
32,5.262635231018066,
33,5.226945877075195,
34,4.959647178649902,
35,5.079951763153076,
36,5.265277862548828,
37,5.293235778808594,
38,5.1773529052734375,
39,5.431775093078613,
40,4.964345455169678,
41,4.709885597229004,
42,5.637720108032227,
43,5.031938552856445,
44,5.2332963943481445,
45,5.7223968505859375,
46,6.376583576202393,
47,5.672459602355957,
48,5.2740020751953125,
49,5.058773994445801,
50,5.702404975891113,
51,5.1248459815979,
52,5.284420013427734,
53,5.029746055603027,
54,5.218886375427246,
55,5.0114641189575195,
56,5.204339027404785,
57,4.957398414611816,
58,5.469906330108643,
59,5.026211738586426,
60,5.151676177978516,
61,5.687760353088379,
62,5.440892219543457,
63,5.55389928817749,
64,5.208946228027344,
65,5.711474418640137,
66,5.626557350158691,
67,5.174224376678467,
68,4.989015102386475,
69,5.022363185882568,
70,4.780841827392578,
71,5.429567813873291,
72,5.103664398193359,
73,5.384864330291748,
74,5.2964324951171875,
75,5.259092330932617,
76,4.894412994384766,
77,5.561599254608154,
78,5.412786483764648,
79,5.5055437088012695,
80,5.662908554077148,
81,5.718513011932373,
82,5.477300643920898,
83,5.836696624755859,
84,6.340017318725586,
85,6.399268627166748,
86,6.930122375488281,
87,6.590915203094482,
88,6.410550117492676,
89,7.226100444793701,
90,7.269611835479736,
91,8.299174308776855,
92,7.998769760131836,
93,8.632080078125,
94,9.372274398803711,
95,9.791173934936523,
96,10.491433143615723,
97,11.358512878417969,
98,12.720190048217773,
99,13.064756393432617,
100,13.020347595214844,
101,11.953582763671875,
102,11.396991729736328,
103,10.679612159729004,
104,10.778095245361328,
105,12.349275588989258,
106,11.582670211791992,
107,11.931465148925781,
108,12.70135498046875,
109,12.746744155883789,
110,11.984838485717773,
111,12.525726318359375,
112,12.79773235321045,
113,12.649093627929688,
114,12.274250984191895,
115,11.700201034545898,
116,12.329599380493164,
117,11.700615882873535,
118,13.139419555664062,
119,12.135929107666016,
120,12.437433242797852,
121,11.629192352294922,
122,12.879744529724121,
123,13.447881698608398,
124,11.438436508178711,
125,13.59421157836914,
126,12.772445678710938,
127,12.423538208007812,
128,11.586631774902344,
129,12.96824836730957,
130,12.891422271728516,
131,12.32020378112793,
132,12.676044464111328,
133,11.436184883117676,
134,13.439711570739746,
135,12.654356002807617,
136,13.705093383789062,
137,11.637491226196289,
138,12.938034057617188,
139,12.978490829467773,
140,11.15027904510498,
141,11.943589210510254,
142,11.834943771362305,
143,12.95064926147461,
144,11.465636253356934,
145,12.877777099609375,
146,11.527585983276367,
147,13.358880043029785,
148,13.487068176269531,
149,12.861587524414062,
150,13.129233360290527,
151,11.80374526977539,
152,12.713321685791016,
153,12.769950866699219,
154,12.474721908569336,
155,12.410690307617188,
156,12.508788108825684,
157,13.095937728881836,
158,12.810301780700684,
159,11.704415321350098,
160,12.989355087280273,
161,11.065362930297852,
162,11.557036399841309,
163,12.838699340820312,
164,11.631421089172363,
165,13.033143043518066,
166,12.674647331237793,
167,12.820381164550781,
168,12.617069244384766,
169,12.801070213317871,
170,11.582571029663086,
171,13.284200668334961,
172,12.814155578613281,
173,13.010334014892578,
174,13.049005508422852,
175,13.253023147583008,
176,12.835129737854004,
177,13.540786743164062,
178,12.83220386505127,
179,12.056608200073242,
180,13.447277069091797,
181,12.13183307647705,
182,11.832257270812988,
183,13.011493682861328,
184,11.599494934082031,
185,12.370302200317383,
186,13.165501594543457,
187,11.563451766967773,
188,12.136327743530273,
189,13.903684616088867,
190,13.061932563781738,
191,13.576271057128906,
192,12.413213729858398,
193,13.04063606262207,
194,12.121440887451172,
195,13.026077270507812,
196,12.188447952270508,
197,11.671207427978516,
198,13.760011672973633,
199,13.166035652160645,
200,12.890511512756348,12.905233383178711
201,12.07559585571289,
202,12.45486831665039,
203,13.942394256591797,
204,13.897756576538086,
205,12.987472534179688,
206,12.353815078735352,
207,11.552361488342285,
208,12.945877075195312,
209,12.560654640197754,
210,12.984465599060059,
211,11.66136646270752,
212,13.577837944030762,
213,12.341068267822266,
214,12.843706130981445,
215,11.641775131225586,
216,13.770814895629883,
217,13.029359817504883,
218,12.913298606872559,
219,13.816326141357422,
220,12.146306037902832,
221,12.499444961547852,
222,12.397595405578613,
223,12.934881210327148,
224,11.993955612182617,
225,12.430729866027832,
226,12.86905288696289,
227,11.705322265625,
228,12.995302200317383,
229,12.856281280517578,
230,11.601320266723633,
231,12.749141693115234,
232,12.971352577209473,
233,12.857083320617676,
234,13.008119583129883,
235,13.468018531799316,
236,13.919258117675781,
237,13.600530624389648,
238,13.171978950500488,
239,12.06027603149414,
240,12.091275215148926,
241,13.144866943359375,
242,11.493715286254883,
243,14.083003997802734,
244,12.231487274169922,
245,12.123138427734375,
246,13.367303848266602,
247,14.102298736572266,
248,11.664268493652344,
249,13.125109672546387,
250,13.477312088012695,
251,13.169658660888672,
252,11.635008811950684,
253,11.606180191040039,
254,13.549760818481445,
255,13.01800537109375,
256,11.53903865814209,
257,11.350753784179688,
258,13.007096290588379,
259,13.689068794250488,
260,13.25025463104248,
261,11.779929161071777,
262,12.693938255310059,
263,13.730292320251465,
264,13.520486831665039,
265,12.921380996704102,
266,12.878925323486328,
267,13.094677925109863,
268,13.034805297851562,
269,13.661307334899902,
270,11.564427375793457,
271,13.103814125061035,
272,12.965627670288086,
273,11.439127922058105,
274,10.948805809020996,
275,12.563224792480469,
276,12.941155433654785,
277,11.814956665039062,
278,12.072361946105957,
279,13.053428649902344,
280,12.891526222229004,
281,12.44661808013916,
282,11.696489334106445,
283,11.768397331237793,
284,12.850923538208008,
285,13.442301750183105,
286,12.025354385375977,
287,12.882604598999023,
288,12.961960792541504,
289,11.461128234863281,
290,12.732532501220703,
291,11.81496810913086,
292,13.332520484924316,
293,13.857842445373535,
294,13.045429229736328,
295,13.514519691467285,
296,13.963455200195312,
297,11.6446533203125,
298,11.567773818969727,
299,11.868553161621094,
300,12.762455940246582,
301,13.52603816986084,
302,13.587310791015625,
303,13.003780364990234,
304,11.589001655578613,
305,13.714676856994629,
306,12.973469734191895,
307,14.132377624511719,
308,12.732267379760742,
309,12.967306137084961,
310,12.968772888183594,
311,12.876900672912598,
312,14.03167724609375,
313,11.730295181274414,
314,12.683502197265625,
315,12.737564086914062,
316,13.650260925292969,
317,13.98314380645752,
318,12.054420471191406,
319,12.694673538208008,
320,13.251648902893066,
321,13.02591323852539,
322,13.207639694213867,
323,13.315085411071777,
324,13.364472389221191,
325,13.246621131896973,
326,12.405679702758789,
327,12.892193794250488,
328,13.100075721740723,
329,13.543899536132812,
330,13.26906967163086,
331,12.850738525390625,
332,13.331061363220215,
333,10.903348922729492,
334,13.20156192779541,
335,11.3043212890625,
336,13.751011848449707,
337,12.515905380249023,
338,12.93790340423584,
339,11.599713325500488,
340,12.896990776062012,
341,13.632922172546387,
342,13.581475257873535,
343,13.854416847229004,
344,13.091155052185059,
345,13.150147438049316,
346,13.316944122314453,
347,13.44253921508789,
348,13.028105735778809,
349,13.09463119506836,
350,11.513055801391602,
351,13.255776405334473,
352,11.769811630249023,
353,12.846319198608398,
354,13.804411888122559,
355,12.271374702453613,
356,11.818201065063477,
357,12.978322982788086,
358,13.138419151306152,
359,13.505733489990234,
360,13.334321022033691,
361,13.486824035644531,
362,12.975555419921875,
363,12.403398513793945,
364,12.459049224853516,
365,13.120283126831055,
366,13.216666221618652,
367,12.733173370361328,
368,12.51752758026123,
369,13.479894638061523,
370,11.602116584777832,
371,13.331599235534668,
372,13.59765911102295,
373,13.684725761413574,
374,13.06551456451416,
375,12.94721794128418,
376,11.584226608276367,
377,11.92669677734375,
378,13.07168197631836,
379,12.731948852539062,
380,11.827390670776367,
381,12.913646697998047,
382,13.479997634887695,
383,13.170877456665039,
384,13.699735641479492,
385,13.421645164489746,
386,12.95174503326416,
387,12.663670539855957,
388,13.238183975219727,
389,13.604569435119629,
390,12.15817928314209,
391,13.564668655395508,
392,13.053226470947266,
393,12.569875717163086,
394,11.594287872314453,
395,14.025857925415039,
396,11.716389656066895,
397,12.765265464782715,
398,12.937535285949707,
399,12.893895149230957,
400,13.289986610412598,12.81811237335205
401,13.800869941711426,
402,13.628134727478027,
403,13.072805404663086,
404,12.842040061950684,
405,13.097845077514648,
406,12.146130561828613,
407,12.193513870239258,
408,12.410162925720215,
409,12.738622665405273,
410,12.183755874633789,
411,12.849014282226562,
412,13.597622871398926,
413,11.139034271240234,
414,11.61325454711914,
415,13.894661903381348,
416,12.924050331115723,
417,12.882745742797852,
418,11.874786376953125,
419,13.15077018737793,
420,12.980308532714844,
421,12.851613998413086,
422,12.566863059997559,
423,11.642452239990234,
424,13.1935396194458,
425,12.956356048583984,
426,13.243268966674805,
427,13.278594970703125,
428,11.74350643157959,
429,12.941104888916016,
430,14.085034370422363,
431,13.114002227783203,
432,12.677813529968262,
433,12.974358558654785,
434,12.475236892700195,
435,12.674163818359375,
436,12.957794189453125,
437,13.282590866088867,
438,12.133056640625,
439,11.544841766357422,
440,13.137872695922852,
441,13.115797996520996,
442,11.644049644470215,
443,13.375996589660645,
444,11.570510864257812,
445,12.943010330200195,
446,13.237275123596191,
447,12.009660720825195,
448,13.04015064239502,
449,13.638078689575195,
450,13.163281440734863,
451,12.387351989746094,
452,11.720535278320312,
453,12.902445793151855,
454,11.552253723144531,
455,11.569441795349121,
456,13.106155395507812,
457,13.307551383972168,
458,12.074751853942871,
459,11.36446762084961,
460,12.216896057128906,
461,13.548755645751953,
462,11.828289031982422,
463,11.960301399230957,
464,13.02224063873291,
465,11.90921401977539,
466,12.2269868850708,
467,13.013543128967285,
468,13.36502456665039,
469,11.576055526733398,
470,11.565668106079102,
471,13.389108657836914,
472,12.906282424926758,
473,12.51701545715332,
474,13.288406372070312,
475,12.977479934692383,
476,13.261640548706055,
477,11.956941604614258,
478,13.904552459716797,
479,13.276044845581055,
480,13.148693084716797,
481,12.741751670837402,
482,14.10754108428955,
483,13.818901062011719,
484,12.263843536376953,
485,13.620756149291992,
486,12.669672012329102,
487,11.747461318969727,
488,11.863945960998535,
489,13.07835578918457,
490,11.563945770263672,
491,11.89482307434082,
492,12.854747772216797,
493,13.278546333312988,
494,12.87662124633789,
495,11.562361717224121,
496,13.51286506652832,
497,12.461572647094727,
498,12.93175220489502,
499,13.077536582946777,
500,12.84947395324707,
501,12.63126277923584,
502,13.743927001953125,
503,13.647833824157715,
504,13.141042709350586,
505,11.862334251403809,
506,13.143462181091309,
507,13.410625457763672,
508,12.996103286743164,
509,13.919868469238281,
510,11.659049034118652,
511,14.324874877929688,
512,12.41104507446289,
513,14.328235626220703,
514,13.068085670471191,
515,13.710789680480957,
516,12.413759231567383,
517,12.205970764160156,
518,11.432353973388672,
519,12.292730331420898,
520,13.645967483520508,
521,11.972023010253906,
522,11.273994445800781,
523,13.042486190795898,
524,13.48647689819336,
525,13.024548530578613,
526,11.606765747070312,
527,13.039756774902344,
528,11.628957748413086,
529,11.67723274230957,
530,12.535592079162598,
531,12.918478012084961,
532,13.37698745727539,
533,12.899608612060547,
534,13.446710586547852,
535,12.14626693725586,
536,11.82233715057373,
537,11.916889190673828,
538,12.766761779785156,
539,12.612060546875,
540,12.795729637145996,
541,13.528457641601562,
542,12.675485610961914,
543,13.614425659179688,
544,11.738690376281738,
545,13.441329956054688,
546,12.918359756469727,
547,11.906733512878418,
548,12.968206405639648,
549,12.987764358520508,
550,13.382747650146484,
551,13.493202209472656,
552,13.798980712890625,
553,12.808012008666992,
554,13.981765747070312,
555,13.98459529876709,
556,13.484960556030273,
557,12.842507362365723,
558,12.912221908569336,
559,12.986979484558105,
560,12.594398498535156,
561,12.58261775970459,
562,11.542025566101074,
563,12.31705093383789,
564,11.282337188720703,
565,13.366909980773926,
566,12.691585540771484,
567,11.785512924194336,
568,13.010272979736328,
569,12.049871444702148,
570,12.89693832397461,
571,13.270551681518555,
572,12.855512619018555,
573,12.610186576843262,
574,12.527626991271973,
575,12.672318458557129,
576,11.573472023010254,
577,13.010045051574707,
578,13.889174461364746,
579,12.309540748596191,
580,13.948160171508789,
581,11.125273704528809,
582,13.687538146972656,
583,12.214462280273438,
584,11.115854263305664,
585,12.49892807006836,
586,13.650727272033691,
587,13.12038803100586,
588,11.501142501831055,
589,13.393243789672852,
590,13.929145812988281,
591,12.278020858764648,
592,11.845199584960938,
593,13.062352180480957,
594,12.240921020507812,
595,13.112940788269043,
596,12.235770225524902,
597,12.157943725585938,
598,13.58452320098877,
599,13.117117881774902,
600,12.698305130004883,12.724119186401367
601,12.71735954284668,
602,13.199281692504883,
603,11.537007331848145,
604,12.2526273727417,
605,11.513069152832031,
606,13.507184028625488,
607,13.295584678649902,
608,13.208999633789062,
609,12.125141143798828,
610,13.526915550231934,
611,12.370494842529297,
612,11.626849174499512,
613,13.443646430969238,
614,12.849502563476562,
615,12.656951904296875,
616,13.511811256408691,
617,11.392974853515625,
618,13.545103073120117,
619,13.11816120147705,
620,13.482818603515625,
621,12.949380874633789,
622,13.0009765625,
623,13.430402755737305,
624,12.977264404296875,
625,13.42913818359375,
626,13.232172012329102,
627,13.344276428222656,
628,11.896862983703613,
629,11.675189971923828,
630,11.704302787780762,
631,13.652931213378906,
632,11.9413423538208,
633,13.161391258239746,
634,11.526542663574219,
635,12.977217674255371,
636,12.225431442260742,
637,11.641267776489258,
638,13.581038475036621,
639,12.315240859985352,
640,13.125201225280762,
641,13.694944381713867,
642,13.480071067810059,
643,13.655071258544922,
644,13.004546165466309,
645,12.646757125854492,
646,13.72789478302002,
647,12.554122924804688,
648,14.007439613342285,
649,12.66572093963623,
650,13.133973121643066,
651,13.570245742797852,
652,13.11512565612793,
653,13.442463874816895,
654,12.584779739379883,
655,12.90107536315918,
656,12.217007637023926,
657,13.069487571716309,
658,11.804561614990234,
659,13.992034912109375,
660,13.984603881835938,
661,13.518214225769043,
662,11.626702308654785,
663,11.980876922607422,
664,13.536133766174316,
665,12.153488159179688,
666,11.5568265914917,
667,12.825206756591797,
668,12.713897705078125,
669,14.025053024291992,
670,11.814373970031738,
671,12.70146369934082,
672,13.700667381286621,
673,13.056173324584961,
674,11.745851516723633,
675,13.20221996307373,
676,13.18499755859375,
677,13.437719345092773,
678,12.72504711151123,
679,13.719322204589844,
680,13.84183120727539,
681,12.838045120239258,
682,12.297266960144043,
683,11.555089950561523,
684,13.771770477294922,
685,11.655410766601562,
686,13.828520774841309,
687,11.885613441467285,
688,13.005088806152344,
689,12.277579307556152,
690,12.235790252685547,
691,13.52821159362793,
692,11.330548286437988,
693,12.569890975952148,
694,12.006168365478516,
695,13.24720287322998,
696,13.268495559692383,
697,12.676158905029297,
698,13.030235290527344,
699,13.884860038757324,
700,11.95544719696045,
701,12.56619930267334,
702,12.78206729888916,
703,13.614872932434082,
704,11.545948028564453,
705,14.041529655456543,
706,11.110494613647461,
707,13.374399185180664,
708,11.605623245239258,
709,12.066327095031738,
710,13.586578369140625,
711,11.574747085571289,
712,12.466702461242676,
713,12.871559143066406,
714,12.676071166992188,
715,13.546703338623047,
716,13.606404304504395,
717,12.039051055908203,
718,12.525808334350586,
719,13.788885116577148,
720,13.085769653320312,
721,12.907039642333984,
722,13.381819725036621,
723,12.93470573425293,
724,13.900684356689453,
725,11.617945671081543,
726,13.69666862487793,
727,13.813119888305664,
728,13.722310066223145,
729,12.725667953491211,
730,13.015242576599121,
731,12.924592971801758,
732,12.634918212890625,
733,12.972986221313477,
734,13.093415260314941,
735,12.764595985412598,
736,12.951160430908203,
737,13.236822128295898,
738,12.486007690429688,
739,13.500443458557129,
740,12.914155960083008,
741,11.967687606811523,
742,13.635872840881348,
743,13.119237899780273,
744,12.281657218933105,
745,11.964193344116211,
746,12.957204818725586,
747,12.907881736755371,
748,11.491086959838867,
749,11.332271575927734,
750,13.194267272949219,
751,11.7963228225708,
752,13.62044906616211,
753,12.756429672241211,
754,13.612005233764648,
755,13.805418968200684,
756,11.67666244506836,
757,11.683855056762695,
758,13.068923950195312,
759,12.324506759643555,
760,12.71757698059082,
761,13.158530235290527,
762,12.671403884887695,
763,13.643896102905273,
764,11.826849937438965,
765,13.075804710388184,
766,13.46609115600586,
767,13.315215110778809,
768,12.527446746826172,
769,13.308002471923828,
770,13.088622093200684,
771,13.806380271911621,
772,13.26803207397461,
773,12.881744384765625,
774,13.912590026855469,
775,11.352214813232422,
776,13.882521629333496,
777,11.66868782043457,
778,12.097085952758789,
779,11.529828071594238,
780,13.176015853881836,
781,13.673046112060547,
782,12.054632186889648,
783,13.49123764038086,
784,13.053272247314453,
785,12.185454368591309,
786,13.93769359588623,
787,12.050657272338867,
788,12.57768440246582,
789,13.270650863647461,
790,13.157806396484375,
791,14.017204284667969,
792,14.060417175292969,
793,14.19328498840332,
794,11.555381774902344,
795,13.134992599487305,
796,13.130970001220703,
797,13.259307861328125,
798,11.670087814331055,
799,13.343551635742188,
800,13.663055419921875,12.737127304077148
801,11.756011962890625,
802,11.93972110748291,
803,13.371505737304688,
804,13.357943534851074,
805,13.047687530517578,
806,12.870512962341309,
807,12.570534706115723,
808,12.577791213989258,
809,12.98542594909668,
810,13.852399826049805,
811,12.322240829467773,
812,13.515111923217773,
813,13.271102905273438,
814,12.334332466125488,
815,12.504167556762695,
816,13.54310131072998,
817,12.444662094116211,
818,12.40384578704834,
819,13.08755111694336,
820,11.099181175231934,
821,11.618147850036621,
822,13.08452033996582,
823,11.659372329711914,
824,12.887120246887207,
825,13.452041625976562,
826,12.820589065551758,
827,11.587959289550781,
828,13.464109420776367,
829,12.893352508544922,
830,12.477506637573242,
831,11.6702880859375,
832,13.573079109191895,
833,13.0526123046875,
834,12.87441635131836,
835,13.510051727294922,
836,12.598438262939453,
837,12.33488941192627,
838,12.374981880187988,
839,13.100797653198242,
840,11.577445983886719,
841,11.945754051208496,
842,13.68008804321289,
843,13.60292911529541,
844,13.305520057678223,
845,12.903714179992676,
846,12.032236099243164,
847,11.751309394836426,
848,13.609429359436035,
849,13.236069679260254,
850,12.840902328491211,
851,12.068672180175781,
852,11.730657577514648,
853,12.669590950012207,
854,12.810973167419434,
855,12.845983505249023,
856,13.029876708984375,
857,13.581287384033203,
858,12.222867012023926,
859,12.02046012878418,
860,11.556181907653809,
861,13.969558715820312,
862,13.780884742736816,
863,11.927467346191406,
864,13.665887832641602,
865,13.021403312683105,
866,13.318010330200195,
867,12.9173583984375,
868,13.511160850524902,
869,12.583625793457031,
870,14.018258094787598,
871,12.36876392364502,
872,12.92516803741455,
873,11.621261596679688,
874,13.07729721069336,
875,12.062067985534668,
876,12.614745140075684,
877,13.536012649536133,
878,13.61945915222168,
879,12.763529777526855,
880,13.146320343017578,
881,13.598930358886719,
882,12.14863395690918,
883,12.979400634765625,
884,12.644083023071289,
885,13.406694412231445,
886,12.676437377929688,
887,13.330160140991211,
888,11.947699546813965,
889,12.86083984375,
890,12.829357147216797,
891,13.91385269165039,
892,13.846283912658691,
893,13.853048324584961,
894,12.356353759765625,
895,12.544780731201172,
896,13.017868041992188,
897,12.948518753051758,
898,12.555093765258789,
899,13.036890029907227,
900,13.69900131225586,
901,11.592647552490234,
902,12.911687850952148,
903,11.876011848449707,
904,13.245978355407715,
905,13.58068561553955,
906,13.065062522888184,
907,13.38964557647705,
908,11.692001342773438,
909,13.911029815673828,
910,11.869650840759277,
911,13.980351448059082,
912,14.052656173706055,
913,12.580148696899414,
914,11.426290512084961,
915,13.123626708984375,
916,13.606795310974121,
917,14.175966262817383,
918,12.74746322631836,
919,12.442560195922852,
920,12.40927791595459,
921,12.7018461227417,
922,13.354421615600586,
923,13.165631294250488,
924,13.954763412475586,
925,12.836588859558105,
926,13.211847305297852,
927,13.254500389099121,
928,12.105835914611816,
929,14.00058650970459,
930,11.928204536437988,
931,13.216466903686523,
932,13.720221519470215,
933,13.638701438903809,
934,12.013914108276367,
935,12.21789264678955,
936,11.568894386291504,
937,12.778995513916016,
938,12.169904708862305,
939,13.523347854614258,
940,12.908935546875,
941,11.919442176818848,
942,12.60653305053711,
943,11.894754409790039,
944,12.707270622253418,
945,13.602170944213867,
946,13.983928680419922,
947,11.538875579833984,
948,13.715106010437012,
949,13.949727058410645,
950,12.787525177001953,
951,13.019611358642578,
952,13.102277755737305,
953,11.6168794631958,
954,13.232746124267578,
955,13.276029586791992,
956,12.070494651794434,
957,13.755605697631836,
958,13.696769714355469,
959,11.988481521606445,
960,13.272961616516113,
961,13.729890823364258,
962,12.039656639099121,
963,13.53532886505127,
964,11.733823776245117,
965,13.796228408813477,
966,11.573868751525879,
967,13.819988250732422,
968,13.725580215454102,
969,13.644028663635254,
970,11.761539459228516,
971,11.561603546142578,
972,12.26754093170166,
973,13.598608016967773,
974,12.080228805541992,
975,13.145790100097656,
976,11.766253471374512,
977,13.321634292602539,
978,13.001066207885742,
979,13.248207092285156,
980,12.631010055541992,
981,11.974630355834961,
982,13.75761890411377,
983,12.796225547790527,
984,11.730055809020996,
985,11.70789909362793,
986,13.74425983428955,
987,13.222537994384766,
988,11.72127628326416,
989,13.617300987243652,
990,13.942557334899902,
991,12.71295166015625,
992,14.090947151184082,
993,13.87230110168457,
994,12.623509407043457,
995,11.691569328308105,
996,13.971881866455078,
997,13.452176094055176,
998,13.3931303024292,
999,12.076047897338867,
1000,14.009966850280762,12.613081932067871
